ssn|cc_num|first|last|gender|street|city|state|zip|lat|long|city_pop|job|dob|acct_num|profile|trans_num|trans_date|trans_time|unix_time|category|amt|is_fraud|merchant|merch_lat|merch_long
080-13-9046|30288435979039|Jade|Cooper|F|9986 Trevor Park|Macomb|MO|65702|37.1049|-92.4821|473|Scientist, research (life sciences)|2006-06-18|776629903130|young_adults_female_rural.json|e8aea12df1f0d59dd7390de7de36ed64|2023-09-10|00:25:59|1694280359|grocery_pos|8.04|1|fraud_Stracke-Lemke|37.368543|-93.228772
080-13-9046|30288435979039|Jade|Cooper|F|9986 Trevor Park|Macomb|MO|65702|37.1049|-92.4821|473|Scientist, research (life sciences)|2006-06-18|776629903130|young_adults_female_rural.json|935245dab4e487ef40d9bc44c52920d5|2023-09-10|02:19:40|1694287180|gas_transport|10.98|1|fraud_Greenholt, Jacobi and Gleason|37.745753|-91.717067
080-13-9046|30288435979039|Jade|Cooper|F|9986 Trevor Park|Macomb|MO|65702|37.1049|-92.4821|473|Scientist, research (life sciences)|2006-06-18|776629903130|young_adults_female_rural.json|816ef152c0e8cd700dad93aded4026f9|2023-09-10|03:48:30|1694292510|gas_transport|276.15|1|fraud_Brekke and Sons|36.833617|-93.465848
080-13-9046|30288435979039|Jade|Cooper|F|9986 Trevor Park|Macomb|MO|65702|37.1049|-92.4821|473|Scientist, research (life sciences)|2006-06-18|776629903130|young_adults_female_rural.json|dfe81bcefa00bd57116fdf4bfa4a2364|2023-09-10|02:46:06|1694288766|grocery_pos|326.12|1|fraud_Bauch-Raynor|36.178934|-92.837360
080-13-9046|30288435979039|Jade|Cooper|F|9986 Trevor Park|Macomb|MO|65702|37.1049|-92.4821|473|Scientist, research (life sciences)|2006-06-18|776629903130|young_adults_female_rural.json|53e9edc9ff376569c29b296f5b37a724|2023-09-11|19:20:04|1694434804|shopping_net|1103.37|1|fraud_Romaguera, Cruickshank and Greenholt|36.580386|-91.544919
080-13-9046|30288435979039|Jade|Cooper|F|9986 Trevor Park|Macomb|MO|65702|37.1049|-92.4821|473|Scientist, research (life sciences)|2006-06-18|776629903130|young_adults_female_rural.json|acd7d1be88703857013fba58a3eea84e|2023-09-11|12:43:42|1694411022|shopping_net|1224.86|1|fraud_Price Inc|37.984883|-91.743732
080-13-9046|30288435979039|Jade|Cooper|F|9986 Trevor Park|Macomb|MO|65702|37.1049|-92.4821|473|Scientist, research (life sciences)|2006-06-18|776629903130|young_adults_female_rural.json|87e6df3f82e13aa7cc04e63ca0c45ed1|2023-09-11|22:30:53|1694446253|shopping_pos|907.54|1|fraud_Pagac LLC|37.612501|-92.157286
080-13-9046|30288435979039|Jade|Cooper|F|9986 Trevor Park|Macomb|MO|65702|37.1049|-92.4821|473|Scientist, research (life sciences)|2006-06-18|776629903130|young_adults_female_rural.json|2ac88e9ff5167271c6b662c628a3641f|2023-09-11|22:31:51|1694446311|shopping_net|1118.81|1|fraud_Volkman-Predovic|38.059173|-92.066248
080-13-9046|30288435979039|Jade|Cooper|F|9986 Trevor Park|Macomb|MO|65702|37.1049|-92.4821|473|Scientist, research (life sciences)|2006-06-18|776629903130|young_adults_female_rural.json|62d7a43d2273e20a6388d1fe5549af94|2023-09-11|22:11:13|1694445073|shopping_net|870.26|1|fraud_Schumm PLC|37.349068|-91.600017
080-13-9046|30288435979039|Jade|Cooper|F|9986 Trevor Park|Macomb|MO|65702|37.1049|-92.4821|473|Scientist, research (life sciences)|2006-06-18|776629903130|young_adults_female_rural.json|3a9da09f95e1c4efe06c8c50b3673e17|2023-09-11|13:55:00|1694415300|shopping_net|1328.93|1|fraud_Kerluke-Abshire|36.611808|-91.717068
080-13-9046|30288435979039|Jade|Cooper|F|9986 Trevor Park|Macomb|MO|65702|37.1049|-92.4821|473|Scientist, research (life sciences)|2006-06-18|776629903130|young_adults_female_rural.json|d1acf3e419e0a7535025a34b43b40212|2023-09-02|02:00:56|1693594856|gas_transport|88.51|0|fraud_Parisian and Sons|36.630003|-93.363649
080-13-9046|30288435979039|Jade|Cooper|F|9986 Trevor Park|Macomb|MO|65702|37.1049|-92.4821|473|Scientist, research (life sciences)|2006-06-18|776629903130|young_adults_female_rural.json|4e4311f8f81dd767168891ad455c38b9|2023-09-02|04:07:08|1693602428|gas_transport|45.97|0|fraud_Bartoletti-Wunsch|36.720586|-91.945466
080-13-9046|30288435979039|Jade|Cooper|F|9986 Trevor Park|Macomb|MO|65702|37.1049|-92.4821|473|Scientist, research (life sciences)|2006-06-18|776629903130|young_adults_female_rural.json|9288ff8c7af80df12f534f786a7c95b1|2023-09-02|04:15:55|1693602955|gas_transport|58.55|0|fraud_Prohaska-Murray|38.010681|-93.224721
080-13-9046|30288435979039|Jade|Cooper|F|9986 Trevor Park|Macomb|MO|65702|37.1049|-92.4821|473|Scientist, research (life sciences)|2006-06-18|776629903130|young_adults_female_rural.json|c3684a5dbfcefaa96563dfa4e4e255dc|2023-09-02|04:21:59|1693603319|gas_transport|40.25|0|fraud_Cummings LLC|37.092801|-92.381040
080-13-9046|30288435979039|Jade|Cooper|F|9986 Trevor Park|Macomb|MO|65702|37.1049|-92.4821|473|Scientist, research (life sciences)|2006-06-18|776629903130|young_adults_female_rural.json|0f9e9051f831dc7f487a619c26e24c43|2023-09-01|00:16:37|1693502197|gas_transport|24.92|0|fraud_Bartoletti-Wunsch|37.986847|-91.955033
080-13-9046|30288435979039|Jade|Cooper|F|9986 Trevor Park|Macomb|MO|65702|37.1049|-92.4821|473|Scientist, research (life sciences)|2006-06-18|776629903130|young_adults_female_rural.json|263eb22a86861344afd1f2c5b540e5a4|2023-09-03|10:36:38|1693712198|grocery_net|72.48|0|fraud_Bahringer-Larson|36.196162|-92.265190
080-13-9046|30288435979039|Jade|Cooper|F|9986 Trevor Park|Macomb|MO|65702|37.1049|-92.4821|473|Scientist, research (life sciences)|2006-06-18|776629903130|young_adults_female_rural.json|bc6d75b8c3209bcd95bf5203a5674314|2023-09-04|06:45:59|1693784759|grocery_net|50.71|0|fraud_Wuckert-Walter|37.346646|-92.140028
080-13-9046|30288435979039|Jade|Cooper|F|9986 Trevor Park|Macomb|MO|65702|37.1049|-92.4821|473|Scientist, research (life sciences)|2006-06-18|776629903130|young_adults_female_rural.json|ac5e48ebbf2b7316f742bbc1bf005625|2023-09-02|05:47:23|1693608443|gas_transport|53.88|0|fraud_Erdman-Kertzmann|38.004348|-92.696971
080-13-9046|30288435979039|Jade|Cooper|F|9986 Trevor Park|Macomb|MO|65702|37.1049|-92.4821|473|Scientist, research (life sciences)|2006-06-18|776629903130|young_adults_female_rural.json|9d810f169192926ca24b575a82634da9|2023-09-03|02:45:02|1693683902|grocery_net|49.39|0|fraud_Kutch Group|37.421990|-93.054716
080-13-9046|30288435979039|Jade|Cooper|F|9986 Trevor Park|Macomb|MO|65702|37.1049|-92.4821|473|Scientist, research (life sciences)|2006-06-18|776629903130|young_adults_female_rural.json|2c5c78501a3bec1ca2386a69fe47b29b|2023-09-03|02:39:50|1693683590|grocery_net|76.89|0|fraud_Rowe-Vandervort|37.277627|-93.405783
080-13-9046|30288435979039|Jade|Cooper|F|9986 Trevor Park|Macomb|MO|65702|37.1049|-92.4821|473|Scientist, research (life sciences)|2006-06-18|776629903130|young_adults_female_rural.json|c2b87f05af8b8368b226d2eda2424685|2023-09-02|07:10:48|1693613448|gas_transport|64.10|0|fraud_Marks Inc|36.635067|-91.652807
080-13-9046|30288435979039|Jade|Cooper|F|9986 Trevor Park|Macomb|MO|65702|37.1049|-92.4821|473|Scientist, research (life sciences)|2006-06-18|776629903130|young_adults_female_rural.json|21d1f0fc9962dfe22db42b2b051accd2|2023-09-03|04:34:15|1693690455|grocery_net|48.19|0|fraud_Swift, Bradtke and Marquardt|36.307746|-93.336362
080-13-9046|30288435979039|Jade|Cooper|F|9986 Trevor Park|Macomb|MO|65702|37.1049|-92.4821|473|Scientist, research (life sciences)|2006-06-18|776629903130|young_adults_female_rural.json|300166a2ed1e5f9d9e2ef273b48110f1|2023-09-03|01:22:21|1693678941|grocery_net|98.95|0|fraud_Adams, Kovacek and Kuhlman|37.409002|-92.501724
080-13-9046|30288435979039|Jade|Cooper|F|9986 Trevor Park|Macomb|MO|65702|37.1049|-92.4821|473|Scientist, research (life sciences)|2006-06-18|776629903130|young_adults_female_rural.json|ed9aa491570213e1fa7c6c4172df52be|2023-09-01|09:03:23|1693533803|gas_transport|37.34|0|fraud_Conroy-Cruickshank|36.126073|-92.159583
080-13-9046|30288435979039|Jade|Cooper|F|9986 Trevor Park|Macomb|MO|65702|37.1049|-92.4821|473|Scientist, research (life sciences)|2006-06-18|776629903130|young_adults_female_rural.json|2490c45305d35ca6aeeced449035b8d2|2023-09-03|05:21:11|1693693271|grocery_net|75.83|0|fraud_Cummings Group|37.391562|-91.751829
080-13-9046|30288435979039|Jade|Cooper|F|9986 Trevor Park|Macomb|MO|65702|37.1049|-92.4821|473|Scientist, research (life sciences)|2006-06-18|776629903130|young_adults_female_rural.json|efa8d5bd2fcb2c7b971d86061b7b3084|2023-09-05|05:08:27|1693865307|grocery_pos|49.48|0|fraud_Schultz, Simonis and Little|37.100115|-91.572614
080-13-9046|30288435979039|Jade|Cooper|F|9986 Trevor Park|Macomb|MO|65702|37.1049|-92.4821|473|Scientist, research (life sciences)|2006-06-18|776629903130|young_adults_female_rural.json|8c83d4949f4a7b89e5c4a40201e1c7bf|2023-09-02|09:59:40|1693623580|gas_transport|89.17|0|fraud_Christiansen, Goyette and Schamberger|36.310942|-93.015459
080-13-9046|30288435979039|Jade|Cooper|F|9986 Trevor Park|Macomb|MO|65702|37.1049|-92.4821|473|Scientist, research (life sciences)|2006-06-18|776629903130|young_adults_female_rural.json|43b3739ad41731a2730dedb5c0a02559|2023-09-04|09:36:07|1693794967|grocery_net|42.84|0|fraud_Roob LLC|36.559236|-92.442950
080-13-9046|30288435979039|Jade|Cooper|F|9986 Trevor Park|Macomb|MO|65702|37.1049|-92.4821|473|Scientist, research (life sciences)|2006-06-18|776629903130|young_adults_female_rural.json|1dfc9860a6118dcfa3e45ba9be359cda|2023-09-03|00:05:16|1693674316|grocery_net|70.86|0|fraud_Ferry, Reichel and DuBuque|36.833150|-93.263909
080-13-9046|30288435979039|Jade|Cooper|F|9986 Trevor Park|Macomb|MO|65702|37.1049|-92.4821|473|Scientist, research (life sciences)|2006-06-18|776629903130|young_adults_female_rural.json|c8b169f0ed4580ba50d7a9262d0444e1|2023-09-01|05:17:08|1693520228|gas_transport|47.57|0|fraud_Stroman, Hudson and Erdman|37.052164|-92.442195
080-13-9046|30288435979039|Jade|Cooper|F|9986 Trevor Park|Macomb|MO|65702|37.1049|-92.4821|473|Scientist, research (life sciences)|2006-06-18|776629903130|young_adults_female_rural.json|b1a35d5b378ac08924fc322163768ef8|2023-09-02|00:39:31|1693589971|gas_transport|52.52|0|fraud_Raynor, Feest and Miller|36.946224|-91.588369
080-13-9046|30288435979039|Jade|Cooper|F|9986 Trevor Park|Macomb|MO|65702|37.1049|-92.4821|473|Scientist, research (life sciences)|2006-06-18|776629903130|young_adults_female_rural.json|c131b70f5e46a711a84bf72632310983|2023-09-02|09:56:45|1693623405|grocery_net|62.32|0|fraud_Cummings Group|36.949750|-93.071168
080-13-9046|30288435979039|Jade|Cooper|F|9986 Trevor Park|Macomb|MO|65702|37.1049|-92.4821|473|Scientist, research (life sciences)|2006-06-18|776629903130|young_adults_female_rural.json|3f0700614218b1eccceb57d73fc19c8d|2023-09-02|06:54:36|1693612476|gas_transport|35.33|0|fraud_Schaefer, McGlynn and Bosco|36.395740|-92.449934
080-13-9046|30288435979039|Jade|Cooper|F|9986 Trevor Park|Macomb|MO|65702|37.1049|-92.4821|473|Scientist, research (life sciences)|2006-06-18|776629903130|young_adults_female_rural.json|c76d74c7bbb4baafd29f2118f3a0fd0f|2023-09-01|10:45:52|1693539952|gas_transport|49.92|0|fraud_Tillman, Dickinson and Labadie|37.628526|-92.612761
080-13-9046|30288435979039|Jade|Cooper|F|9986 Trevor Park|Macomb|MO|65702|37.1049|-92.4821|473|Scientist, research (life sciences)|2006-06-18|776629903130|young_adults_female_rural.json|72d2c6086b2c1494afbe73a56bb6a9e4|2023-09-02|05:19:03|1693606743|gas_transport|29.39|0|fraud_Stroman, Hudson and Erdman|37.541519|-93.210126
080-13-9046|30288435979039|Jade|Cooper|F|9986 Trevor Park|Macomb|MO|65702|37.1049|-92.4821|473|Scientist, research (life sciences)|2006-06-18|776629903130|young_adults_female_rural.json|f42f3a562547834ba84d08ce940f83cc|2023-09-01|07:06:24|1693526784|gas_transport|15.83|0|fraud_Sporer Inc|37.273634|-93.282854
080-13-9046|30288435979039|Jade|Cooper|F|9986 Trevor Park|Macomb|MO|65702|37.1049|-92.4821|473|Scientist, research (life sciences)|2006-06-18|776629903130|young_adults_female_rural.json|9cd2cf0af63fb9ebeb4b001e513a0be0|2023-09-05|11:14:40|1693887280|grocery_pos|6.50|0|fraud_O'Keefe-Hudson|37.884344|-91.550230
080-13-9046|30288435979039|Jade|Cooper|F|9986 Trevor Park|Macomb|MO|65702|37.1049|-92.4821|473|Scientist, research (life sciences)|2006-06-18|776629903130|young_adults_female_rural.json|54e53adc72bb18aaf17887c123de42de|2023-09-01|06:47:40|1693525660|gas_transport|18.71|0|fraud_Olson, Becker and Koch|36.668977|-92.133927
080-13-9046|30288435979039|Jade|Cooper|F|9986 Trevor Park|Macomb|MO|65702|37.1049|-92.4821|473|Scientist, research (life sciences)|2006-06-18|776629903130|young_adults_female_rural.json|4a8aa1154c2ee55b3898d03bb90ebfad|2023-09-02|01:16:19|1693592179|gas_transport|6.78|0|fraud_Raynor, Feest and Miller|36.760781|-92.397137
080-13-9046|30288435979039|Jade|Cooper|F|9986 Trevor Park|Macomb|MO|65702|37.1049|-92.4821|473|Scientist, research (life sciences)|2006-06-18|776629903130|young_adults_female_rural.json|3b276186d34bb13daa19c36559ec073a|2023-09-03|06:09:11|1693696151|grocery_net|14.75|0|fraud_Spinka-Welch|37.291091|-92.246120
080-13-9046|30288435979039|Jade|Cooper|F|9986 Trevor Park|Macomb|MO|65702|37.1049|-92.4821|473|Scientist, research (life sciences)|2006-06-18|776629903130|young_adults_female_rural.json|dc9333c6635e9301c76a54a06f21be7f|2023-09-02|05:26:31|1693607191|gas_transport|25.48|0|fraud_Friesen-Stamm|37.867836|-92.744639
080-13-9046|30288435979039|Jade|Cooper|F|9986 Trevor Park|Macomb|MO|65702|37.1049|-92.4821|473|Scientist, research (life sciences)|2006-06-18|776629903130|young_adults_female_rural.json|de3f563955b67b723d6304ff876d795b|2023-09-01|02:39:44|1693510784|gas_transport|145.96|0|fraud_Cummerata-Jones|37.891158|-92.907639
080-13-9046|30288435979039|Jade|Cooper|F|9986 Trevor Park|Macomb|MO|65702|37.1049|-92.4821|473|Scientist, research (life sciences)|2006-06-18|776629903130|young_adults_female_rural.json|46463fe3dd6d900e8dbbe4d892e55b21|2023-09-01|11:14:05|1693541645|gas_transport|59.29|0|fraud_Huels-Hahn|37.055201|-91.982546
080-13-9046|30288435979039|Jade|Cooper|F|9986 Trevor Park|Macomb|MO|65702|37.1049|-92.4821|473|Scientist, research (life sciences)|2006-06-18|776629903130|young_adults_female_rural.json|2c2eeb853dc553d062b18bdea5b6fc18|2023-09-01|05:01:16|1693519276|gas_transport|54.60|0|fraud_Greenholt, Jacobi and Gleason|36.512411|-92.458403
080-13-9046|30288435979039|Jade|Cooper|F|9986 Trevor Park|Macomb|MO|65702|37.1049|-92.4821|473|Scientist, research (life sciences)|2006-06-18|776629903130|young_adults_female_rural.json|e6eb47f7b23a70739477dadd898680da|2023-09-02|01:38:53|1693593533|gas_transport|29.84|0|fraud_Schmitt Inc|37.384180|-91.744896
080-13-9046|30288435979039|Jade|Cooper|F|9986 Trevor Park|Macomb|MO|65702|37.1049|-92.4821|473|Scientist, research (life sciences)|2006-06-18|776629903130|young_adults_female_rural.json|ecb511c9dcc778baa3ba752dff7a909f|2023-09-23|17:43:29|1695465809|health_fitness|79.16|0|fraud_Cormier LLC|37.372719|-92.728702
080-13-9046|30288435979039|Jade|Cooper|F|9986 Trevor Park|Macomb|MO|65702|37.1049|-92.4821|473|Scientist, research (life sciences)|2006-06-18|776629903130|young_adults_female_rural.json|7ff0c3ea377684914570a35df2fe1e88|2023-09-19|18:46:42|1695124002|food_dining|72.15|0|fraud_Kilback Group|36.829286|-92.475674
080-13-9046|30288435979039|Jade|Cooper|F|9986 Trevor Park|Macomb|MO|65702|37.1049|-92.4821|473|Scientist, research (life sciences)|2006-06-18|776629903130|young_adults_female_rural.json|93b739f049d8dae53dd30b276719c9e5|2023-09-23|21:16:58|1695478618|health_fitness|181.21|0|fraud_Ledner, Hartmann and Feest|36.334808|-92.602118
080-13-9046|30288435979039|Jade|Cooper|F|9986 Trevor Park|Macomb|MO|65702|37.1049|-92.4821|473|Scientist, research (life sciences)|2006-06-18|776629903130|young_adults_female_rural.json|f7dfbee5b2cc74ae542482d58c9a7036|2023-09-29|23:47:30|1696006050|personal_care|155.66|0|fraud_Bradtke, Torp and Bahringer|37.628474|-91.876061
080-13-9046|30288435979039|Jade|Cooper|F|9986 Trevor Park|Macomb|MO|65702|37.1049|-92.4821|473|Scientist, research (life sciences)|2006-06-18|776629903130|young_adults_female_rural.json|1b6fd6ee0c9e0b9601d22bdca2cb6ed8|2023-09-23|19:42:00|1695472920|health_fitness|143.01|0|fraud_Kub-Heaney|37.267433|-93.416367
080-13-9046|30288435979039|Jade|Cooper|F|9986 Trevor Park|Macomb|MO|65702|37.1049|-92.4821|473|Scientist, research (life sciences)|2006-06-18|776629903130|young_adults_female_rural.json|614720b2f907d71f0ba70a43205685c6|2023-09-15|15:37:41|1694767061|shopping_pos|97.18|0|fraud_Mohr Inc|37.672556|-92.774783
080-13-9046|30288435979039|Jade|Cooper|F|9986 Trevor Park|Macomb|MO|65702|37.1049|-92.4821|473|Scientist, research (life sciences)|2006-06-18|776629903130|young_adults_female_rural.json|f97c18181ccaf3868622d66eda233cf2|2023-09-16|12:49:44|1694843384|shopping_pos|198.65|0|fraud_Mayert Group|37.410902|-93.124106
080-13-9046|30288435979039|Jade|Cooper|F|9986 Trevor Park|Macomb|MO|65702|37.1049|-92.4821|473|Scientist, research (life sciences)|2006-06-18|776629903130|young_adults_female_rural.json|bb994f5f1224837a1bc81d470b9c1ae4|2023-09-29|20:01:59|1695992519|personal_care|209.09|0|fraud_Lubowitz, Terry and Stracke|36.344297|-92.610408
080-13-9046|30288435979039|Jade|Cooper|F|9986 Trevor Park|Macomb|MO|65702|37.1049|-92.4821|473|Scientist, research (life sciences)|2006-06-18|776629903130|young_adults_female_rural.json|8b11e2f0d62ef09fd0391ad270e2eb2f|2023-09-08|22:37:30|1694187450|misc_net|265.54|0|fraud_Bernier, Volkman and Hoeger|36.555346|-92.155997
080-13-9046|30288435979039|Jade|Cooper|F|9986 Trevor Park|Macomb|MO|65702|37.1049|-92.4821|473|Scientist, research (life sciences)|2006-06-18|776629903130|young_adults_female_rural.json|2edcacdc6d2351b91cf7ee1b04422a5a|2023-09-23|16:41:27|1695462087|health_fitness|211.78|0|fraud_Torp, Muller and Borer|37.233271|-92.823741
080-13-9046|30288435979039|Jade|Cooper|F|9986 Trevor Park|Macomb|MO|65702|37.1049|-92.4821|473|Scientist, research (life sciences)|2006-06-18|776629903130|young_adults_female_rural.json|1a62854f2c2bd31334a2783d3ea9ab9f|2023-09-07|19:56:53|1694091413|misc_net|111.74|0|fraud_Johnson, Runolfsdottir and Mayer|36.690101|-92.835205
080-13-9046|30288435979039|Jade|Cooper|F|9986 Trevor Park|Macomb|MO|65702|37.1049|-92.4821|473|Scientist, research (life sciences)|2006-06-18|776629903130|young_adults_female_rural.json|357870d21e64579615db306ef008fbf3|2023-09-23|19:11:19|1695471079|health_fitness|261.19|0|fraud_Mueller, Gerhold and Mueller|36.709937|-92.072152
080-13-9046|30288435979039|Jade|Cooper|F|9986 Trevor Park|Macomb|MO|65702|37.1049|-92.4821|473|Scientist, research (life sciences)|2006-06-18|776629903130|young_adults_female_rural.json|f0d0788b02740d9ca049eb18403b6f46|2023-09-20|16:30:17|1695202217|food_dining|296.07|0|fraud_Armstrong, Walter and Gottlieb|36.123593|-92.720843
080-13-9046|30288435979039|Jade|Cooper|F|9986 Trevor Park|Macomb|MO|65702|37.1049|-92.4821|473|Scientist, research (life sciences)|2006-06-18|776629903130|young_adults_female_rural.json|a429f677620f9dbb8c8a23cd90efe3c8|2023-09-12|22:20:33|1694532033|shopping_net|117.91|0|fraud_Towne, Greenholt and Koepp|36.382974|-93.200568
080-13-9046|30288435979039|Jade|Cooper|F|9986 Trevor Park|Macomb|MO|65702|37.1049|-92.4821|473|Scientist, research (life sciences)|2006-06-18|776629903130|young_adults_female_rural.json|358f6d4a71ddfc4ad4ab8676b99f53ba|2023-09-19|23:45:23|1695141923|food_dining|48.30|0|fraud_O'Hara-Wilderman|36.764063|-91.928870
080-13-9046|30288435979039|Jade|Cooper|F|9986 Trevor Park|Macomb|MO|65702|37.1049|-92.4821|473|Scientist, research (life sciences)|2006-06-18|776629903130|young_adults_female_rural.json|feca3087be5f12b5edcbf80728c61b02|2023-09-29|15:10:18|1695975018|personal_care|212.93|0|fraud_Shanahan-Lehner|38.100147|-92.165925
080-13-9046|30288435979039|Jade|Cooper|F|9986 Trevor Park|Macomb|MO|65702|37.1049|-92.4821|473|Scientist, research (life sciences)|2006-06-18|776629903130|young_adults_female_rural.json|f631015fd97b98c371587bd4eecf9ee8|2023-09-09|21:21:22|1694269282|misc_pos|119.78|0|fraud_Reynolds-Schinner|37.682205|-92.084198
080-13-9046|30288435979039|Jade|Cooper|F|9986 Trevor Park|Macomb|MO|65702|37.1049|-92.4821|473|Scientist, research (life sciences)|2006-06-18|776629903130|young_adults_female_rural.json|7345761ce6a972382eabab285dd16080|2023-09-09|21:46:43|1694270803|misc_pos|117.31|0|fraud_Terry, Johns and Bins|37.782221|-93.439211
080-13-9046|30288435979039|Jade|Cooper|F|9986 Trevor Park|Macomb|MO|65702|37.1049|-92.4821|473|Scientist, research (life sciences)|2006-06-18|776629903130|young_adults_female_rural.json|d83cf5aa255ddb5206f490f192a98260|2023-09-29|13:20:49|1695968449|personal_care|42.03|0|fraud_Gottlieb-Hansen|36.980282|-92.596825
080-13-9046|30288435979039|Jade|Cooper|F|9986 Trevor Park|Macomb|MO|65702|37.1049|-92.4821|473|Scientist, research (life sciences)|2006-06-18|776629903130|young_adults_female_rural.json|cb1177281d8018790d90c84486338c79|2023-09-19|20:50:08|1695131408|food_dining|50.26|0|fraud_Bernhard-Lesch|37.625104|-92.558026
080-13-9046|30288435979039|Jade|Cooper|F|9986 Trevor Park|Macomb|MO|65702|37.1049|-92.4821|473|Scientist, research (life sciences)|2006-06-18|776629903130|young_adults_female_rural.json|4995d96bf7f2e471764b2263190824cd|2023-09-19|14:53:32|1695110012|food_dining|162.83|0|fraud_Hagenes, Kohler and Hoppe|37.312424|-92.951060
080-13-9046|30288435979039|Jade|Cooper|F|9986 Trevor Park|Macomb|MO|65702|37.1049|-92.4821|473|Scientist, research (life sciences)|2006-06-18|776629903130|young_adults_female_rural.json|9e5500804fa26cf35daf046dbbed43b2|2023-09-30|16:48:17|1696067297|travel|97.43|0|fraud_Boyer-Haley|36.605055|-93.474269
080-13-9046|30288435979039|Jade|Cooper|F|9986 Trevor Park|Macomb|MO|65702|37.1049|-92.4821|473|Scientist, research (life sciences)|2006-06-18|776629903130|young_adults_female_rural.json|c5d78cf1a0707cee51e7560313689edf|2023-09-20|13:28:00|1695191280|food_dining|327.55|0|fraud_Reinger, Weissnat and Strosin|37.157492|-93.073819
080-13-9046|30288435979039|Jade|Cooper|F|9986 Trevor Park|Macomb|MO|65702|37.1049|-92.4821|473|Scientist, research (life sciences)|2006-06-18|776629903130|young_adults_female_rural.json|b2b88d753faa4a1abd52bae3606d7f2c|2023-09-29|13:20:44|1695968444|personal_care|155.63|0|fraud_Langworth LLC|38.083148|-92.532169
080-13-9046|30288435979039|Jade|Cooper|F|9986 Trevor Park|Macomb|MO|65702|37.1049|-92.4821|473|Scientist, research (life sciences)|2006-06-18|776629903130|young_adults_female_rural.json|0dfe0b8fb9b4e6a1fc15001b64108453|2023-09-15|23:49:37|1694796577|shopping_pos|49.51|0|fraud_Willms, Kris and Bergnaum|36.270714|-93.255354
080-13-9046|30288435979039|Jade|Cooper|F|9986 Trevor Park|Macomb|MO|65702|37.1049|-92.4821|473|Scientist, research (life sciences)|2006-06-18|776629903130|young_adults_female_rural.json|54f186673b74232d3182330915f77bb4|2023-09-09|18:37:50|1694259470|misc_pos|49.39|0|fraud_Thiel PLC|36.844879|-91.649742
080-13-9046|30288435979039|Jade|Cooper|F|9986 Trevor Park|Macomb|MO|65702|37.1049|-92.4821|473|Scientist, research (life sciences)|2006-06-18|776629903130|young_adults_female_rural.json|41cdbf0fc97efea220e3676fedf6f01a|2023-09-15|14:57:19|1694764639|shopping_pos|2.68|0|fraud_Barrows PLC|38.030556|-93.250364
080-13-9046|30288435979039|Jade|Cooper|F|9986 Trevor Park|Macomb|MO|65702|37.1049|-92.4821|473|Scientist, research (life sciences)|2006-06-18|776629903130|young_adults_female_rural.json|661697d89fdd5aa52696e2e0e9d27b99|2023-09-16|23:08:59|1694880539|entertainment|144.56|0|fraud_Morissette LLC|36.788409|-92.306577
080-13-9046|30288435979039|Jade|Cooper|F|9986 Trevor Park|Macomb|MO|65702|37.1049|-92.4821|473|Scientist, research (life sciences)|2006-06-18|776629903130|young_adults_female_rural.json|cc045304a345da45ec8e38eba0ccceb9|2023-09-24|15:53:56|1695545636|health_fitness|7.52|0|fraud_Mante, Luettgen and Hackett|36.137592|-92.698499
080-13-9046|30288435979039|Jade|Cooper|F|9986 Trevor Park|Macomb|MO|65702|37.1049|-92.4821|473|Scientist, research (life sciences)|2006-06-18|776629903130|young_adults_female_rural.json|36f88a61cff6e0f0d4c5882107760658|2023-09-19|22:19:09|1695136749|food_dining|119.15|0|fraud_Kilback Group|37.184830|-92.897761
080-13-9046|30288435979039|Jade|Cooper|F|9986 Trevor Park|Macomb|MO|65702|37.1049|-92.4821|473|Scientist, research (life sciences)|2006-06-18|776629903130|young_adults_female_rural.json|de9e1423d4f7379e72fa1cea846a50be|2023-09-23|23:42:41|1695487361|health_fitness|73.91|0|fraud_Schroeder Group|37.017364|-91.562614
080-13-9046|30288435979039|Jade|Cooper|F|9986 Trevor Park|Macomb|MO|65702|37.1049|-92.4821|473|Scientist, research (life sciences)|2006-06-18|776629903130|young_adults_female_rural.json|fd04c2e2a3f9049f14cfdf35dd6c2dcc|2023-09-09|13:10:39|1694239839|misc_pos|9.03|0|fraud_Boehm, Block and Jakubowski|37.117216|-92.130851
080-13-9046|30288435979039|Jade|Cooper|F|9986 Trevor Park|Macomb|MO|65702|37.1049|-92.4821|473|Scientist, research (life sciences)|2006-06-18|776629903130|young_adults_female_rural.json|6c477eca8cea88b477458a4cba8dbff7|2023-09-23|23:10:23|1695485423|health_fitness|15.02|0|fraud_Romaguera Ltd|36.221299|-92.124999
080-13-9046|30288435979039|Jade|Cooper|F|9986 Trevor Park|Macomb|MO|65702|37.1049|-92.4821|473|Scientist, research (life sciences)|2006-06-18|776629903130|young_adults_female_rural.json|659af9490250f72049ce0e532a278ef2|2023-09-06|22:01:45|1694012505|misc_net|3.56|0|fraud_Johnson, Runolfsdottir and Mayer|37.038342|-92.733806
080-13-9046|30288435979039|Jade|Cooper|F|9986 Trevor Park|Macomb|MO|65702|37.1049|-92.4821|473|Scientist, research (life sciences)|2006-06-18|776629903130|young_adults_female_rural.json|84bb62803a79917b4217b6fd8b9bc4a2|2023-09-30|15:28:39|1696062519|travel|167.51|0|fraud_Eichmann, Hayes and Treutel|37.986617|-92.470372
080-13-9046|30288435979039|Jade|Cooper|F|9986 Trevor Park|Macomb|MO|65702|37.1049|-92.4821|473|Scientist, research (life sciences)|2006-06-18|776629903130|young_adults_female_rural.json|69867fded64cc325ff7f420594e11f0e|2023-09-08|14:54:21|1694159661|misc_net|164.52|0|fraud_Kuhn LLC|37.275105|-93.143632
080-13-9046|30288435979039|Jade|Cooper|F|9986 Trevor Park|Macomb|MO|65702|37.1049|-92.4821|473|Scientist, research (life sciences)|2006-06-18|776629903130|young_adults_female_rural.json|cfea1b22c9f73cfc184f025d2d4298ef|2023-09-18|22:00:22|1695049222|entertainment|86.60|0|fraud_Abshire PLC|36.997482|-91.801174
080-13-9046|30288435979039|Jade|Cooper|F|9986 Trevor Park|Macomb|MO|65702|37.1049|-92.4821|473|Scientist, research (life sciences)|2006-06-18|776629903130|young_adults_female_rural.json|e21602287c46f3bfd5748d21ed89c607|2023-09-24|16:01:31|1695546091|home|99.82|0|fraud_Botsford PLC|37.823117|-91.985026
080-13-9046|30288435979039|Jade|Cooper|F|9986 Trevor Park|Macomb|MO|65702|37.1049|-92.4821|473|Scientist, research (life sciences)|2006-06-18|776629903130|young_adults_female_rural.json|03cd91f663845b8f4acfbb1b04bc6d8c|2023-09-22|17:12:58|1695377578|food_dining|128.79|0|fraud_Zboncak Ltd|37.781411|-92.973548
080-13-9046|30288435979039|Jade|Cooper|F|9986 Trevor Park|Macomb|MO|65702|37.1049|-92.4821|473|Scientist, research (life sciences)|2006-06-18|776629903130|young_adults_female_rural.json|6d226b644f9759509e60a42e91b77d4e|2023-09-16|14:45:52|1694850352|shopping_pos|185.36|0|fraud_Mayert Group|36.898779|-91.591140
080-13-9046|30288435979039|Jade|Cooper|F|9986 Trevor Park|Macomb|MO|65702|37.1049|-92.4821|473|Scientist, research (life sciences)|2006-06-18|776629903130|young_adults_female_rural.json|b78d388017fecc74795c746e7d3ba94d|2023-09-30|18:38:25|1696073905|personal_care|98.19|0|fraud_Leffler-Goldner|37.364965|-92.376612
080-13-9046|30288435979039|Jade|Cooper|F|9986 Trevor Park|Macomb|MO|65702|37.1049|-92.4821|473|Scientist, research (life sciences)|2006-06-18|776629903130|young_adults_female_rural.json|70327ed9549aacf8e1a3bf90a50b3c14|2023-09-20|14:07:12|1695193632|food_dining|174.41|0|fraud_Will Ltd|37.641059|-92.026294
080-13-9046|30288435979039|Jade|Cooper|F|9986 Trevor Park|Macomb|MO|65702|37.1049|-92.4821|473|Scientist, research (life sciences)|2006-06-18|776629903130|young_adults_female_rural.json|27b09505fe88e7cc73739986c8d653e7|2023-09-29|21:42:31|1695998551|personal_care|181.24|0|fraud_Erdman-Ebert|36.658684|-92.833001
080-13-9046|30288435979039|Jade|Cooper|F|9986 Trevor Park|Macomb|MO|65702|37.1049|-92.4821|473|Scientist, research (life sciences)|2006-06-18|776629903130|young_adults_female_rural.json|29a9372c24bcbe4a1fbadf9524ad7963|2023-09-24|22:43:01|1695570181|health_fitness|182.04|0|fraud_Reilly and Sons|37.169729|-92.310323
080-13-9046|30288435979039|Jade|Cooper|F|9986 Trevor Park|Macomb|MO|65702|37.1049|-92.4821|473|Scientist, research (life sciences)|2006-06-18|776629903130|young_adults_female_rural.json|a77a065ee7b8cf613a436846ffd1fd18|2023-09-30|19:47:18|1696078038|personal_care|145.02|0|fraud_Leffler-Goldner|37.539267|-92.774818
080-13-9046|30288435979039|Jade|Cooper|F|9986 Trevor Park|Macomb|MO|65702|37.1049|-92.4821|473|Scientist, research (life sciences)|2006-06-18|776629903130|young_adults_female_rural.json|f02f6bf5132b937107a6396eb39dee5d|2023-09-08|17:59:33|1694170773|misc_net|104.70|0|fraud_Hayes, Marquardt and Dibbert|36.485169|-92.635472
080-13-9046|30288435979039|Jade|Cooper|F|9986 Trevor Park|Macomb|MO|65702|37.1049|-92.4821|473|Scientist, research (life sciences)|2006-06-18|776629903130|young_adults_female_rural.json|3cf69368a8735996774622781934bc66|2023-09-22|18:18:07|1695381487|food_dining|256.83|0|fraud_McCullough, Hudson and Schuster|36.606650|-91.671724
080-13-9046|30288435979039|Jade|Cooper|F|9986 Trevor Park|Macomb|MO|65702|37.1049|-92.4821|473|Scientist, research (life sciences)|2006-06-18|776629903130|young_adults_female_rural.json|f49a82674ca91c5aa6b61c1bec8be0d4|2023-09-17|22:49:16|1694965756|entertainment|145.86|0|fraud_Abbott-Rogahn|36.633319|-92.081822
080-13-9046|30288435979039|Jade|Cooper|F|9986 Trevor Park|Macomb|MO|65702|37.1049|-92.4821|473|Scientist, research (life sciences)|2006-06-18|776629903130|young_adults_female_rural.json|e465a37c0cc7b1f780a742690efd8872|2023-09-22|23:32:51|1695400371|food_dining|53.83|0|fraud_Deckow-Dare|36.188525|-93.345467
080-13-9046|30288435979039|Jade|Cooper|F|9986 Trevor Park|Macomb|MO|65702|37.1049|-92.4821|473|Scientist, research (life sciences)|2006-06-18|776629903130|young_adults_female_rural.json|703cad0ac2b2f95d8430ef374c568dbe|2023-09-17|17:39:04|1694947144|entertainment|109.97|0|fraud_Stark-Batz|37.675913|-92.185442
080-13-9046|30288435979039|Jade|Cooper|F|9986 Trevor Park|Macomb|MO|65702|37.1049|-92.4821|473|Scientist, research (life sciences)|2006-06-18|776629903130|young_adults_female_rural.json|fe6ef0a8be651156051fc42312ec5fae|2023-09-16|21:15:42|1694873742|entertainment|74.63|0|fraud_Gibson-Deckow|36.576371|-92.934140
080-13-9046|30288435979039|Jade|Cooper|F|9986 Trevor Park|Macomb|MO|65702|37.1049|-92.4821|473|Scientist, research (life sciences)|2006-06-18|776629903130|young_adults_female_rural.json|85b5d9c9633b5ba4489f51a72a59bb86|2023-09-18|17:06:12|1695031572|entertainment|78.60|0|fraud_Abshire PLC|36.831083|-92.271571
080-13-9046|30288435979039|Jade|Cooper|F|9986 Trevor Park|Macomb|MO|65702|37.1049|-92.4821|473|Scientist, research (life sciences)|2006-06-18|776629903130|young_adults_female_rural.json|6e5e12be7072433fe7028463cf3d24be|2023-09-13|16:40:46|1694598046|shopping_net|76.23|0|fraud_Heathcote, Yost and Kertzmann|36.580086|-92.869165
080-13-9046|30288435979039|Jade|Cooper|F|9986 Trevor Park|Macomb|MO|65702|37.1049|-92.4821|473|Scientist, research (life sciences)|2006-06-18|776629903130|young_adults_female_rural.json|4f13afa175a811d02e07ff503e6bbe55|2023-09-19|23:47:47|1695142067|food_dining|74.99|0|fraud_Schumm, McLaughlin and Carter|37.309922|-91.961222
080-13-9046|30288435979039|Jade|Cooper|F|9986 Trevor Park|Macomb|MO|65702|37.1049|-92.4821|473|Scientist, research (life sciences)|2006-06-18|776629903130|young_adults_female_rural.json|fff834cc5142d4fa0e6a078b774d54d4|2023-09-30|23:26:23|1696091183|personal_care|84.79|0|fraud_Walter, Hettinger and Kessler|37.590805|-93.417237
080-13-9046|30288435979039|Jade|Cooper|F|9986 Trevor Park|Macomb|MO|65702|37.1049|-92.4821|473|Scientist, research (life sciences)|2006-06-18|776629903130|young_adults_female_rural.json|9ff205c7197b1fe8946c3a043f1d5f45|2023-09-08|20:58:38|1694181518|misc_net|96.86|0|fraud_Johnson, Runolfsdottir and Mayer|36.988034|-92.637882
080-13-9046|30288435979039|Jade|Cooper|F|9986 Trevor Park|Macomb|MO|65702|37.1049|-92.4821|473|Scientist, research (life sciences)|2006-06-18|776629903130|young_adults_female_rural.json|978608837bd7f1a54934a2d95b24016c|2023-09-15|12:53:20|1694757200|shopping_pos|62.52|0|fraud_Macejkovic-Lesch|37.370221|-92.859060
080-13-9046|30288435979039|Jade|Cooper|F|9986 Trevor Park|Macomb|MO|65702|37.1049|-92.4821|473|Scientist, research (life sciences)|2006-06-18|776629903130|young_adults_female_rural.json|aa2f3ae4e811eec829721af7011470fc|2023-09-29|14:42:07|1695973327|personal_care|80.67|0|fraud_Schoen, Nienow and Bauch|37.450461|-91.720336
080-13-9046|30288435979039|Jade|Cooper|F|9986 Trevor Park|Macomb|MO|65702|37.1049|-92.4821|473|Scientist, research (life sciences)|2006-06-18|776629903130|young_adults_female_rural.json|f2c8ae26c6fda01f7d261da8afb2b7b2|2023-09-17|17:10:29|1694945429|entertainment|135.11|0|fraud_Nicolas, Hills and McGlynn|37.903491|-92.392379
080-13-9046|30288435979039|Jade|Cooper|F|9986 Trevor Park|Macomb|MO|65702|37.1049|-92.4821|473|Scientist, research (life sciences)|2006-06-18|776629903130|young_adults_female_rural.json|c1f728b94af0006a452d49f0e5af2ee0|2023-09-16|22:22:28|1694877748|entertainment|67.20|0|fraud_Kassulke Inc|37.126368|-91.689565
080-13-9046|30288435979039|Jade|Cooper|F|9986 Trevor Park|Macomb|MO|65702|37.1049|-92.4821|473|Scientist, research (life sciences)|2006-06-18|776629903130|young_adults_female_rural.json|7a58bdcbd1ff0952b9b826981dbc0c9f|2023-09-16|14:13:01|1694848381|entertainment|42.37|0|fraud_Parker, Nolan and Trantow|37.140166|-92.867532
080-13-9046|30288435979039|Jade|Cooper|F|9986 Trevor Park|Macomb|MO|65702|37.1049|-92.4821|473|Scientist, research (life sciences)|2006-06-18|776629903130|young_adults_female_rural.json|fc74cafb408c6398cc2f7b8fd5ed656b|2023-09-22|13:09:27|1695362967|food_dining|55.65|0|fraud_Weber and Sons|36.899382|-92.092444
080-13-9046|30288435979039|Jade|Cooper|F|9986 Trevor Park|Macomb|MO|65702|37.1049|-92.4821|473|Scientist, research (life sciences)|2006-06-18|776629903130|young_adults_female_rural.json|973c4271656fc2942b5ba75fa677f921|2023-09-08|19:59:30|1694177970|misc_net|55.79|0|fraud_Donnelly PLC|38.004694|-92.520013
080-13-9046|30288435979039|Jade|Cooper|F|9986 Trevor Park|Macomb|MO|65702|37.1049|-92.4821|473|Scientist, research (life sciences)|2006-06-18|776629903130|young_adults_female_rural.json|6c185f671f15498ca218d6561f704193|2023-09-12|15:07:12|1694506032|shopping_net|157.75|0|fraud_Lemke-Gutmann|37.272927|-91.534118
080-13-9046|30288435979039|Jade|Cooper|F|9986 Trevor Park|Macomb|MO|65702|37.1049|-92.4821|473|Scientist, research (life sciences)|2006-06-18|776629903130|young_adults_female_rural.json|ebec1d66053d6266d8ba3478e7187868|2023-09-20|13:24:35|1695191075|food_dining|149.96|0|fraud_Connelly PLC|38.074487|-92.853321
080-13-9046|30288435979039|Jade|Cooper|F|9986 Trevor Park|Macomb|MO|65702|37.1049|-92.4821|473|Scientist, research (life sciences)|2006-06-18|776629903130|young_adults_female_rural.json|c62b9e91fb72d1cf3169f5104f43ef67|2023-09-24|20:26:27|1695561987|health_fitness|109.40|0|fraud_Conroy, Balistreri and Gorczany|36.852525|-92.208445
080-13-9046|30288435979039|Jade|Cooper|F|9986 Trevor Park|Macomb|MO|65702|37.1049|-92.4821|473|Scientist, research (life sciences)|2006-06-18|776629903130|young_adults_female_rural.json|4a6d9d8f2584aeeca7201f1e919c396a|2023-09-26|12:45:57|1695707157|home|10.44|0|fraud_White and Sons|37.186780|-91.981491
080-13-9046|30288435979039|Jade|Cooper|F|9986 Trevor Park|Macomb|MO|65702|37.1049|-92.4821|473|Scientist, research (life sciences)|2006-06-18|776629903130|young_adults_female_rural.json|6d5c459a51e9b9a2796b1784b2368aa7|2023-09-23|21:03:06|1695477786|health_fitness|3.59|0|fraud_Schumm PLC|36.233811|-92.037836
080-13-9046|30288435979039|Jade|Cooper|F|9986 Trevor Park|Macomb|MO|65702|37.1049|-92.4821|473|Scientist, research (life sciences)|2006-06-18|776629903130|young_adults_female_rural.json|7b30b58be2bd085e7b5c2ceb52c59271|2023-09-25|16:37:36|1695634656|home|17.33|0|fraud_Windler, Goodwin and Kovacek|36.319875|-93.410752
080-13-9046|30288435979039|Jade|Cooper|F|9986 Trevor Park|Macomb|MO|65702|37.1049|-92.4821|473|Scientist, research (life sciences)|2006-06-18|776629903130|young_adults_female_rural.json|795e34c764c2f06d794742e4c71a2407|2023-09-30|20:31:55|1696080715|personal_care|6.73|0|fraud_Morissette-Schaefer|36.507559|-93.186528
080-13-9046|30288435979039|Jade|Cooper|F|9986 Trevor Park|Macomb|MO|65702|37.1049|-92.4821|473|Scientist, research (life sciences)|2006-06-18|776629903130|young_adults_female_rural.json|4f0f1f286070790d6ab904443006e47e|2023-09-16|13:28:35|1694845715|shopping_pos|18.55|0|fraud_Okuneva, Schneider and Rau|36.490338|-91.768387
080-13-9046|30288435979039|Jade|Cooper|F|9986 Trevor Park|Macomb|MO|65702|37.1049|-92.4821|473|Scientist, research (life sciences)|2006-06-18|776629903130|young_adults_female_rural.json|cc7ce03aab25c97d6b00b162efcf63b7|2023-09-15|14:26:00|1694762760|shopping_pos|7.06|0|fraud_Swaniawski, Lowe and Robel|37.193817|-91.954235
080-13-9046|30288435979039|Jade|Cooper|F|9986 Trevor Park|Macomb|MO|65702|37.1049|-92.4821|473|Scientist, research (life sciences)|2006-06-18|776629903130|young_adults_female_rural.json|32c52ad3fe3906dc64c8d22fc3d95f4f|2023-09-22|19:23:53|1695385433|food_dining|2.62|0|fraud_Abernathy and Sons|36.357613|-92.703902
080-13-9046|30288435979039|Jade|Cooper|F|9986 Trevor Park|Macomb|MO|65702|37.1049|-92.4821|473|Scientist, research (life sciences)|2006-06-18|776629903130|young_adults_female_rural.json|5ff7febcc57276699f803fd26e33643a|2023-09-29|12:42:57|1695966177|personal_care|2.87|0|fraud_Baumbach Ltd|36.857612|-91.876476
080-13-9046|30288435979039|Jade|Cooper|F|9986 Trevor Park|Macomb|MO|65702|37.1049|-92.4821|473|Scientist, research (life sciences)|2006-06-18|776629903130|young_adults_female_rural.json|bcfd3135809431d530ad8da51e90dafc|2023-09-24|20:34:04|1695562444|health_fitness|1.24|0|fraud_Turcotte, Batz and Buckridge|36.825689|-93.365448
080-13-9046|30288435979039|Jade|Cooper|F|9986 Trevor Park|Macomb|MO|65702|37.1049|-92.4821|473|Scientist, research (life sciences)|2006-06-18|776629903130|young_adults_female_rural.json|f9768a391449151b89d6bae3fedfc5a4|2023-09-18|19:34:07|1695040447|entertainment|29.35|0|fraud_Grimes LLC|37.671260|-93.105201
080-13-9046|30288435979039|Jade|Cooper|F|9986 Trevor Park|Macomb|MO|65702|37.1049|-92.4821|473|Scientist, research (life sciences)|2006-06-18|776629903130|young_adults_female_rural.json|c8b05a586ee59f137118541af9149e02|2023-09-21|21:44:45|1695307485|food_dining|4.66|0|fraud_Kuphal-Toy|37.549164|-93.355702
080-13-9046|30288435979039|Jade|Cooper|F|9986 Trevor Park|Macomb|MO|65702|37.1049|-92.4821|473|Scientist, research (life sciences)|2006-06-18|776629903130|young_adults_female_rural.json|99c9ea53b58a2529dc166a36f9739c41|2023-09-14|23:35:44|1694709344|shopping_net|47.32|0|fraud_Baumbach, Feeney and Morar|38.042233|-92.389849
080-13-9046|30288435979039|Jade|Cooper|F|9986 Trevor Park|Macomb|MO|65702|37.1049|-92.4821|473|Scientist, research (life sciences)|2006-06-18|776629903130|young_adults_female_rural.json|13812748f5e30269c0cad73f153ff354|2023-09-08|19:43:19|1694176999|misc_net|7.60|0|fraud_Durgan-Auer|37.098721|-92.612199
080-13-9046|30288435979039|Jade|Cooper|F|9986 Trevor Park|Macomb|MO|65702|37.1049|-92.4821|473|Scientist, research (life sciences)|2006-06-18|776629903130|young_adults_female_rural.json|094b67e038ade0ddaa98c73fc4a215f4|2023-09-09|20:17:32|1694265452|misc_pos|489.59|0|fraud_Williamson LLC|37.112643|-91.772733
080-13-9046|30288435979039|Jade|Cooper|F|9986 Trevor Park|Macomb|MO|65702|37.1049|-92.4821|473|Scientist, research (life sciences)|2006-06-18|776629903130|young_adults_female_rural.json|6b9200dd3048ff0d2d26d16609a78427|2023-09-09|19:11:50|1694261510|misc_pos|4.53|0|fraud_Christiansen-Gusikowski|37.558037|-92.589182
080-13-9046|30288435979039|Jade|Cooper|F|9986 Trevor Park|Macomb|MO|65702|37.1049|-92.4821|473|Scientist, research (life sciences)|2006-06-18|776629903130|young_adults_female_rural.json|653017f649b64c0491116436656cdb1b|2023-09-16|23:52:33|1694883153|shopping_pos|6.58|0|fraud_Quitzon, Green and Bashirian|36.522600|-91.965902
080-13-9046|30288435979039|Jade|Cooper|F|9986 Trevor Park|Macomb|MO|65702|37.1049|-92.4821|473|Scientist, research (life sciences)|2006-06-18|776629903130|young_adults_female_rural.json|3361a1b5b80373501fe138bcf8a7b5a8|2023-09-26|19:56:05|1695732965|home|5.63|0|fraud_Collier LLC|36.790524|-93.468591
080-13-9046|30288435979039|Jade|Cooper|F|9986 Trevor Park|Macomb|MO|65702|37.1049|-92.4821|473|Scientist, research (life sciences)|2006-06-18|776629903130|young_adults_female_rural.json|f1f9f521d0b13c70784fe6fed9b18e61|2023-09-16|21:56:07|1694876167|entertainment|21.68|0|fraud_Reichel Inc|36.893202|-93.444302
080-13-9046|30288435979039|Jade|Cooper|F|9986 Trevor Park|Macomb|MO|65702|37.1049|-92.4821|473|Scientist, research (life sciences)|2006-06-18|776629903130|young_adults_female_rural.json|ff5b4f95a36676d17a92ad0700083b99|2023-09-22|13:58:49|1695365929|food_dining|85.85|0|fraud_Zboncak LLC|36.834887|-91.982680
080-13-9046|30288435979039|Jade|Cooper|F|9986 Trevor Park|Macomb|MO|65702|37.1049|-92.4821|473|Scientist, research (life sciences)|2006-06-18|776629903130|young_adults_female_rural.json|3dbd52871d8ff1b714f4118b0876e5e2|2023-09-17|12:13:48|1694927628|entertainment|17.86|0|fraud_Wilkinson Ltd|36.286237|-93.214420
080-13-9046|30288435979039|Jade|Cooper|F|9986 Trevor Park|Macomb|MO|65702|37.1049|-92.4821|473|Scientist, research (life sciences)|2006-06-18|776629903130|young_adults_female_rural.json|c54f7ea91833ffa826e710e9242ce1f2|2023-09-09|13:43:49|1694241829|misc_pos|5.06|0|fraud_Maggio-Fahey|37.650944|-92.319896
080-13-9046|30288435979039|Jade|Cooper|F|9986 Trevor Park|Macomb|MO|65702|37.1049|-92.4821|473|Scientist, research (life sciences)|2006-06-18|776629903130|young_adults_female_rural.json|221dc935cc694b7abf764d171df9c68e|2023-09-08|20:58:15|1694181495|misc_net|5.51|0|fraud_Kris-Weimann|36.627415|-91.511981
080-13-9046|30288435979039|Jade|Cooper|F|9986 Trevor Park|Macomb|MO|65702|37.1049|-92.4821|473|Scientist, research (life sciences)|2006-06-18|776629903130|young_adults_female_rural.json|1cba6a24e219700a2a364d23147518b0|2023-09-21|22:38:50|1695310730|food_dining|8.77|0|fraud_Jast and Sons|37.500182|-91.830872
080-13-9046|30288435979039|Jade|Cooper|F|9986 Trevor Park|Macomb|MO|65702|37.1049|-92.4821|473|Scientist, research (life sciences)|2006-06-18|776629903130|young_adults_female_rural.json|889230bf684c308886e4c377bf5fe2b4|2023-09-21|20:12:10|1695301930|food_dining|6.29|0|fraud_Jast and Sons|37.011351|-92.619781
080-13-9046|30288435979039|Jade|Cooper|F|9986 Trevor Park|Macomb|MO|65702|37.1049|-92.4821|473|Scientist, research (life sciences)|2006-06-18|776629903130|young_adults_female_rural.json|7477e6830295b79cba4743aefa67ee84|2023-09-08|19:35:08|1694176508|misc_net|23.47|0|fraud_Ruecker Group|36.445335|-92.734456
080-13-9046|30288435979039|Jade|Cooper|F|9986 Trevor Park|Macomb|MO|65702|37.1049|-92.4821|473|Scientist, research (life sciences)|2006-06-18|776629903130|young_adults_female_rural.json|2db5971d27005991f3e4128e46b21dd0|2023-09-15|20:42:00|1694785320|shopping_pos|31.10|0|fraud_Willms, Kris and Bergnaum|37.089951|-91.974939
080-13-9046|30288435979039|Jade|Cooper|F|9986 Trevor Park|Macomb|MO|65702|37.1049|-92.4821|473|Scientist, research (life sciences)|2006-06-18|776629903130|young_adults_female_rural.json|63277490ac525b170aa472b7c312d01d|2023-09-16|12:07:15|1694840835|entertainment|68.15|0|fraud_Schuppe LLC|37.848263|-91.894059
080-13-9046|30288435979039|Jade|Cooper|F|9986 Trevor Park|Macomb|MO|65702|37.1049|-92.4821|473|Scientist, research (life sciences)|2006-06-18|776629903130|young_adults_female_rural.json|e317ca5077fc295332846a7d82b1169b|2023-09-12|14:42:08|1694504528|shopping_net|2.49|0|fraud_Ruecker, Beer and Collier|37.407797|-91.891424
080-13-9046|30288435979039|Jade|Cooper|F|9986 Trevor Park|Macomb|MO|65702|37.1049|-92.4821|473|Scientist, research (life sciences)|2006-06-18|776629903130|young_adults_female_rural.json|78fc27d1e6d0e0a3d8e6c51b0477963b|2023-09-21|23:15:56|1695312956|food_dining|13.40|0|fraud_Volkman PLC|36.847031|-92.051283
080-13-9046|30288435979039|Jade|Cooper|F|9986 Trevor Park|Macomb|MO|65702|37.1049|-92.4821|473|Scientist, research (life sciences)|2006-06-18|776629903130|young_adults_female_rural.json|7dd0de8ae2fda082e46470da64ff643a|2023-09-17|19:57:28|1694955448|entertainment|36.75|0|fraud_Welch, Rath and Koepp|36.439930|-91.859947
080-13-9046|30288435979039|Jade|Cooper|F|9986 Trevor Park|Macomb|MO|65702|37.1049|-92.4821|473|Scientist, research (life sciences)|2006-06-18|776629903130|young_adults_female_rural.json|c5180f70e2e83687fd8743e275bf2303|2023-09-30|22:29:51|1696087791|personal_care|40.36|0|fraud_Lubowitz, Terry and Stracke|37.160057|-91.829111
080-13-9046|30288435979039|Jade|Cooper|F|9986 Trevor Park|Macomb|MO|65702|37.1049|-92.4821|473|Scientist, research (life sciences)|2006-06-18|776629903130|young_adults_female_rural.json|a55a609b1ba30dd956803f3aa92238c8|2023-09-23|13:36:18|1695450978|health_fitness|26.25|0|fraud_Reilly and Sons|37.099416|-92.198975
080-13-9046|30288435979039|Jade|Cooper|F|9986 Trevor Park|Macomb|MO|65702|37.1049|-92.4821|473|Scientist, research (life sciences)|2006-06-18|776629903130|young_adults_female_rural.json|1254c24bfc009665446328a69186b8e7|2023-09-23|17:27:36|1695464856|health_fitness|4.06|0|fraud_Romaguera Ltd|37.308892|-92.717645
080-13-9046|30288435979039|Jade|Cooper|F|9986 Trevor Park|Macomb|MO|65702|37.1049|-92.4821|473|Scientist, research (life sciences)|2006-06-18|776629903130|young_adults_female_rural.json|da06ce887928c91c886594fcad1c97c9|2023-09-21|23:44:21|1695314661|food_dining|7.77|0|fraud_Zboncak Ltd|37.060335|-92.194491
080-13-9046|30288435979039|Jade|Cooper|F|9986 Trevor Park|Macomb|MO|65702|37.1049|-92.4821|473|Scientist, research (life sciences)|2006-06-18|776629903130|young_adults_female_rural.json|688f67eaa6d140f05f9265905653da7a|2023-09-25|18:45:08|1695642308|home|4.14|0|fraud_Moore, Williamson and Emmerich|36.596720|-93.414387
080-13-9046|30288435979039|Jade|Cooper|F|9986 Trevor Park|Macomb|MO|65702|37.1049|-92.4821|473|Scientist, research (life sciences)|2006-06-18|776629903130|young_adults_female_rural.json|ed5d9519afe76802f025068a0bc957cd|2023-09-26|18:31:49|1695727909|kids_pets|3.41|0|fraud_Hammes-Beatty|36.586916|-91.880902
080-13-9046|30288435979039|Jade|Cooper|F|9986 Trevor Park|Macomb|MO|65702|37.1049|-92.4821|473|Scientist, research (life sciences)|2006-06-18|776629903130|young_adults_female_rural.json|f51ccd6710daac93e7bde499449add79|2023-09-14|12:27:06|1694669226|shopping_pos|3.31|0|fraud_Torphy-Goyette|37.156096|-92.058234
080-13-9046|30288435979039|Jade|Cooper|F|9986 Trevor Park|Macomb|MO|65702|37.1049|-92.4821|473|Scientist, research (life sciences)|2006-06-18|776629903130|young_adults_female_rural.json|2f00dca714aa0ee417369e51aa432e9c|2023-09-23|12:36:13|1695447373|health_fitness|45.79|0|fraud_Haley, Batz and Auer|37.639376|-93.129532
080-13-9046|30288435979039|Jade|Cooper|F|9986 Trevor Park|Macomb|MO|65702|37.1049|-92.4821|473|Scientist, research (life sciences)|2006-06-18|776629903130|young_adults_female_rural.json|634c1f8000d050ab8e2b12c2304dd1ea|2023-09-13|13:56:54|1694588214|shopping_net|5.21|0|fraud_Reichert, Shanahan and Hayes|38.033779|-92.199181
080-13-9046|30288435979039|Jade|Cooper|F|9986 Trevor Park|Macomb|MO|65702|37.1049|-92.4821|473|Scientist, research (life sciences)|2006-06-18|776629903130|young_adults_female_rural.json|abd1331c483862d7c5374a6dd3867c8f|2023-09-29|17:24:48|1695983088|personal_care|76.19|0|fraud_Kub PLC|36.414924|-93.054698
080-13-9046|30288435979039|Jade|Cooper|F|9986 Trevor Park|Macomb|MO|65702|37.1049|-92.4821|473|Scientist, research (life sciences)|2006-06-18|776629903130|young_adults_female_rural.json|ae65257b5b7c8aab10c839bf684531f9|2023-09-12|16:03:32|1694509412|shopping_net|33.19|0|fraud_Rempel Inc|36.430639|-91.933333
080-13-9046|30288435979039|Jade|Cooper|F|9986 Trevor Park|Macomb|MO|65702|37.1049|-92.4821|473|Scientist, research (life sciences)|2006-06-18|776629903130|young_adults_female_rural.json|4104544756154f855a04a88a942b5f81|2023-09-18|15:01:33|1695024093|food_dining|64.80|0|fraud_Hagenes, Kohler and Hoppe|37.457664|-92.605193
080-13-9046|30288435979039|Jade|Cooper|F|9986 Trevor Park|Macomb|MO|65702|37.1049|-92.4821|473|Scientist, research (life sciences)|2006-06-18|776629903130|young_adults_female_rural.json|8082c9c6843cb06e7dec4fb88c7e0966|2023-09-09|12:01:42|1694235702|misc_pos|16.69|0|fraud_Monahan, Bogisich and Ledner|37.227458|-93.087745
080-13-9046|30288435979039|Jade|Cooper|F|9986 Trevor Park|Macomb|MO|65702|37.1049|-92.4821|473|Scientist, research (life sciences)|2006-06-18|776629903130|young_adults_female_rural.json|2653d38640dd933a713001729cd0932a|2023-09-09|13:24:30|1694240670|misc_pos|3.26|0|fraud_Christiansen-Gusikowski|37.738544|-92.852726
080-13-9046|30288435979039|Jade|Cooper|F|9986 Trevor Park|Macomb|MO|65702|37.1049|-92.4821|473|Scientist, research (life sciences)|2006-06-18|776629903130|young_adults_female_rural.json|d2f9453fbd93cf3f1da2990555148398|2023-09-24|13:50:27|1695538227|home|51.80|0|fraud_Gulgowski LLC|36.219808|-93.452541
080-13-9046|30288435979039|Jade|Cooper|F|9986 Trevor Park|Macomb|MO|65702|37.1049|-92.4821|473|Scientist, research (life sciences)|2006-06-18|776629903130|young_adults_female_rural.json|da9350ab9bd0b66c02723d18c896baaa|2023-09-22|15:08:28|1695370108|food_dining|17.43|0|fraud_Feil, Hilpert and Koss|37.527142|-92.451928
080-13-9046|30288435979039|Jade|Cooper|F|9986 Trevor Park|Macomb|MO|65702|37.1049|-92.4821|473|Scientist, research (life sciences)|2006-06-18|776629903130|young_adults_female_rural.json|5451f0b10ff3c1ecba2fd3e9cf9fb92a|2023-09-28|22:32:52|1695915172|kids_pets|24.04|0|fraud_Hammes-Beatty|36.375575|-92.157692
080-13-9046|30288435979039|Jade|Cooper|F|9986 Trevor Park|Macomb|MO|65702|37.1049|-92.4821|473|Scientist, research (life sciences)|2006-06-18|776629903130|young_adults_female_rural.json|e2b2b7795ae6c14467fd2575eca9deb5|2023-09-26|17:30:57|1695724257|home|3.71|0|fraud_O'Connell, Botsford and Hand|37.193841|-93.025725
080-13-9046|30288435979039|Jade|Cooper|F|9986 Trevor Park|Macomb|MO|65702|37.1049|-92.4821|473|Scientist, research (life sciences)|2006-06-18|776629903130|young_adults_female_rural.json|bc288590915734777474d5ab8cd3a571|2023-09-23|17:18:52|1695464332|health_fitness|10.19|0|fraud_Graham and Sons|37.833098|-92.645991
080-13-9046|30288435979039|Jade|Cooper|F|9986 Trevor Park|Macomb|MO|65702|37.1049|-92.4821|473|Scientist, research (life sciences)|2006-06-18|776629903130|young_adults_female_rural.json|dc8faa007ad47327ecb3984e4e625604|2023-09-15|18:21:17|1694776877|shopping_pos|3.97|0|fraud_Macejkovic-Lesch|37.616772|-93.154893
080-13-9046|30288435979039|Jade|Cooper|F|9986 Trevor Park|Macomb|MO|65702|37.1049|-92.4821|473|Scientist, research (life sciences)|2006-06-18|776629903130|young_adults_female_rural.json|4b563fa14b2d214571214efdca5e025e|2023-09-17|17:21:22|1694946082|entertainment|62.15|0|fraud_Reichel Inc|37.536791|-92.846001
080-13-9046|30288435979039|Jade|Cooper|F|9986 Trevor Park|Macomb|MO|65702|37.1049|-92.4821|473|Scientist, research (life sciences)|2006-06-18|776629903130|young_adults_female_rural.json|3cf332c8e1c7eeb2ca90b4bb3e31ac97|2023-09-07|23:02:40|1694102560|misc_net|4.88|0|fraud_Hamill-Daugherty|36.245459|-92.440837
080-13-9046|30288435979039|Jade|Cooper|F|9986 Trevor Park|Macomb|MO|65702|37.1049|-92.4821|473|Scientist, research (life sciences)|2006-06-18|776629903130|young_adults_female_rural.json|6a9f4fa39e8cd0bf4129f90981dbbfc7|2023-09-21|18:45:10|1695296710|food_dining|3.53|0|fraud_Bernhard-Lesch|36.267256|-92.364796
080-13-9046|30288435979039|Jade|Cooper|F|9986 Trevor Park|Macomb|MO|65702|37.1049|-92.4821|473|Scientist, research (life sciences)|2006-06-18|776629903130|young_adults_female_rural.json|f1f31265cb1390ed070246758cb79a58|2023-09-22|22:39:35|1695397175|food_dining|1.43|0|fraud_Armstrong, Walter and Gottlieb|36.131721|-93.272511
080-13-9046|30288435979039|Jade|Cooper|F|9986 Trevor Park|Macomb|MO|65702|37.1049|-92.4821|473|Scientist, research (life sciences)|2006-06-18|776629903130|young_adults_female_rural.json|ef5c792063957c8dcc2774805ee8344b|2023-09-17|14:33:36|1694936016|entertainment|16.14|0|fraud_Dibbert-Green|37.804113|-92.052126
080-13-9046|30288435979039|Jade|Cooper|F|9986 Trevor Park|Macomb|MO|65702|37.1049|-92.4821|473|Scientist, research (life sciences)|2006-06-18|776629903130|young_adults_female_rural.json|33ef0fc8246ad69fc6d35b046e7f699c|2023-09-15|18:54:38|1694778878|shopping_pos|37.67|0|fraud_Haley, Jewess and Bechtelar|37.588074|-92.116013
080-13-9046|30288435979039|Jade|Cooper|F|9986 Trevor Park|Macomb|MO|65702|37.1049|-92.4821|473|Scientist, research (life sciences)|2006-06-18|776629903130|young_adults_female_rural.json|d8dcb6a50cda3287289d6cb5c1f9a07b|2023-09-17|15:21:20|1694938880|entertainment|23.83|0|fraud_Cormier, Stracke and Thiel|36.507217|-92.818257
080-13-9046|30288435979039|Jade|Cooper|F|9986 Trevor Park|Macomb|MO|65702|37.1049|-92.4821|473|Scientist, research (life sciences)|2006-06-18|776629903130|young_adults_female_rural.json|ff465d8a7dd29e1985311a9586a696c8|2023-09-18|19:55:31|1695041731|entertainment|5.00|0|fraud_Goldner-Lemke|37.982695|-91.907586
080-13-9046|30288435979039|Jade|Cooper|F|9986 Trevor Park|Macomb|MO|65702|37.1049|-92.4821|473|Scientist, research (life sciences)|2006-06-18|776629903130|young_adults_female_rural.json|5658291a770a2b136c72a3e4969290df|2023-09-15|20:58:09|1694786289|shopping_pos|7.89|0|fraud_Metz-Boehm|36.191801|-91.635988
080-13-9046|30288435979039|Jade|Cooper|F|9986 Trevor Park|Macomb|MO|65702|37.1049|-92.4821|473|Scientist, research (life sciences)|2006-06-18|776629903130|young_adults_female_rural.json|25f2cbb3642f8244967d8a9533356fd6|2023-09-24|17:06:35|1695549995|health_fitness|8.19|0|fraud_Turcotte, Batz and Buckridge|36.785890|-92.269641
080-13-9046|30288435979039|Jade|Cooper|F|9986 Trevor Park|Macomb|MO|65702|37.1049|-92.4821|473|Scientist, research (life sciences)|2006-06-18|776629903130|young_adults_female_rural.json|1e4ee2309c059b8858a55db72e9ce268|2023-09-26|18:22:47|1695727367|home|5.08|0|fraud_Padberg-Sauer|37.789904|-92.173515
